date,blocks,bounce_drops,bounces,clicks,deferred,delivered,invalid_emails,opens,processed,requests,spam_report_drops,spam_reports,unique_clicks,unique_opens,unsubscribe_drops,unsubscribes
2016-03-16,47,46,39,3468,57224,369160,15,25308,369233,369295,1,30,2287,14772,0,0
2016-03-16,47,46,39,3468,57224,369160,15,25308,369233,369295,1,30,2287,14772,0,0
2016-03-17,35,45,29,3384,60862,376909,17,25012,376951,377015,2,15,2247,15240,0,0
2016-03-17,35,45,29,3384,60862,376909,17,25012,376951,377015,2,15,2247,15240,0,0
2016-03-18,23,38,46,3200,62066,382520,15,23639,382607,382662,2,12,2151,14484,0,0
2016-03-18,23,38,46,3200,62066,382520,15,23639,382607,382662,2,12,2151,14484,0,0
2016-03-19,28,23,27,2564,47552,286598,11,20209,286654,286688,0,4,1636,11685,0,0
2016-03-19,28,23,27,2564,47552,286598,11,20209,286654,286688,0,4,1636,11685,0,0
2016-03-20,30,49,43,2860,66301,345366,11,27854,345428,345489,1,6,1954,13567,0,0
2016-03-20,30,49,43,2860,66301,345366,11,27854,345428,345489,1,6,1954,13567,0,0
2016-03-21,38,41,29,3880,48355,390409,5,27913,390463,390514,5,11,2542,16728,0,0
2016-03-21,38,41,29,3880,48355,390409,5,27913,390463,390514,5,11,2542,16728,0,0
2016-03-22,37,48,59,3995,63656,399867,21,26805,399973,400045,3,26,2679,16428,0,0
2016-03-22,37,48,59,3995,63656,399867,21,26805,399973,400045,3,26,2679,16428,0,0
2016-03-23,36,49,51,3906,71022,397554,21,25694,397629,397704,5,16,2506,15850,0,0
2016-03-23,36,49,51,3906,71022,397554,21,25694,397629,397704,5,16,2506,15850,0,0
2016-03-24,79,82,362,3996,77104,427948,67,23363,428384,428538,3,18,2622,14249,2,0
2016-03-24,79,82,362,3996,77104,427948,67,23363,428384,428538,3,18,2622,14249,2,0
2016-03-25,45,36,75,3948,65753,426206,24,21445,426335,426400,5,16,2514,13442,0,0
2016-03-25,45,36,75,3948,65753,426206,24,21445,426335,426400,5,16,2514,13442,0,0
2016-03-26,46,34,39,3656,62432,420717,12,21118,420821,420870,3,23,2345,13127,0,0
2016-03-26,46,34,39,3656,62432,420717,12,21118,420821,420870,3,23,2345,13127,0,0
2016-03-27,62,49,38,3949,60282,421910,11,21891,422011,422072,1,76,2554,13742,0,0
2016-03-27,62,49,38,3949,60282,421910,11,21891,422011,422072,1,76,2554,13742,0,0
2016-03-28,63,32,55,4023,68035,421752,19,23260,421843,421899,5,35,2558,14512,0,0
2016-03-28,63,32,55,4023,68035,421752,19,23260,421843,421899,5,35,2558,14512,0,0
2016-03-29,111,34,59,3653,54853,421735,26,25723,421914,421977,3,27,2436,13965,0,0
2016-03-29,111,34,59,3653,54853,421735,26,25723,421914,421977,3,27,2436,13965,0,0
2016-03-30,80,30,116,4213,80727,441652,30,22331,441832,441897,3,32,2776,14274,2,0
2016-03-30,80,30,116,4213,80727,441652,30,22331,441832,441897,3,32,2776,14274,2,0
2016-03-31,2357,1848,11382,6687,207266,493576,1584,30281,507757,511254,65,444,4350,20388,0,0
2016-03-31,2357,1848,11382,6687,207266,493576,1584,30281,507757,511254,65,444,4350,20388,0,0
2016-04-01,548,502,2241,5309,123217,583849,711,24107,587066,588288,9,163,3358,15981,0,0
2016-04-01,548,502,2241,5309,123217,583849,711,24107,587066,588288,9,163,3358,15981,0,0
2016-04-02,96,95,124,6662,104346,600807,30,27461,601643,601776,8,161,4052,17690,0,0
2016-04-02,96,95,124,6662,104346,600807,30,27461,601643,601776,8,161,4052,17690,0,0
2016-04-03,938,93,91,7072,117268,597783,29,45656,598537,598668,9,166,4312,19375,0,0
2016-04-03,938,93,91,7072,117268,597783,29,45656,598537,598668,9,166,4312,19375,0,0
2016-04-04,696,91,104,5404,97922,595370,40,43838,595780,595921,10,152,3305,15198,0,0
2016-04-04,696,91,104,5404,97922,595370,40,43838,595780,595921,10,152,3305,15198,0,0
2016-04-05,708,75,95,5141,115631,577461,25,25264,577634,577743,9,135,3308,16777,0,0
2016-04-05,708,75,95,5141,115631,577461,25,25264,577634,577743,9,135,3308,16777,0,0
2016-04-06,1840,69,112,4467,105904,482826,40,37596,484215,484335,11,131,2773,12960,0,0
2016-04-06,1840,69,112,4467,105904,482826,40,37596,484215,484335,11,131,2773,12960,0,0
2016-04-07,293,60,140,4639,111196,491063,40,19264,491203,491309,6,99,2799,12417,0,0
2016-04-07,293,60,140,4639,111196,491063,40,19264,491203,491309,6,99,2799,12417,0,0
2016-04-08,69,54,64,4324,102346,494787,15,18499,494932,495004,3,114,2631,10718,0,0
2016-04-08,69,54,64,4324,102346,494787,15,18499,494932,495004,3,114,2631,10718,0,0
2016-04-09,71,65,66,4169,88212,479109,31,16910,479205,479305,4,69,2460,10849,0,0
2016-04-09,71,65,66,4169,88212,479109,31,16910,479205,479305,4,69,2460,10849,0,0
2016-04-10,60,55,79,4425,96939,489914,21,17050,490051,490132,5,122,2669,11350,0,0
2016-04-10,60,55,79,4425,96939,489914,21,17050,490051,490132,5,122,2669,11350,0,0
2016-04-11,65,74,76,4515,93855,465444,20,18392,465599,465705,12,100,2755,12176,0,0
2016-04-11,65,74,76,4515,93855,465444,20,18392,465599,465705,12,100,2755,12176,0,0
2016-04-12,79,43,69,4014,87965,471240,16,16563,471380,471450,11,92,2445,10900,0,0
2016-04-12,79,43,69,4014,87965,471240,16,16563,471380,471450,11,92,2445,10900,0,0
2016-04-13,72,49,71,4193,76536,490187,17,16778,490333,490404,5,91,2593,10957,0,0
2016-04-13,72,49,71,4193,76536,490187,17,16778,490333,490404,5,91,2593,10957,0,0
2016-04-14,103,50,65,4117,95091,487203,17,16869,487343,487412,2,71,2592,11030,0,0
2016-04-14,103,50,65,4117,95091,487203,17,16869,487343,487412,2,71,2592,11030,0,0
2016-04-15,90,37,67,3843,92350,484346,25,14261,484908,484971,1,34,2344,9463,0,0
2016-04-15,90,37,67,3843,92350,484346,25,14261,484908,484971,1,34,2344,9463,0,0
2016-04-16,64,59,62,4026,81362,492768,12,16442,492893,492965,1,80,2372,9412,0,0
2016-04-16,64,59,62,4026,81362,492768,12,16442,492893,492965,1,80,2372,9412,0,0
2016-04-17,77,45,62,3894,102976,492677,18,15173,492807,492870,0,57,2328,10069,0,0
2016-04-17,77,45,62,3894,102976,492677,18,15173,492807,492870,0,57,2328,10069,0,0
2016-04-18,75,79,67,4055,88902,470609,23,17449,472100,472204,2,144,2432,11400,0,0
2016-04-18,75,79,67,4055,88902,470609,23,17449,472100,472204,2,144,2432,11400,0,0
2016-04-19,64,48,68,3551,98058,467719,21,14168,468846,468915,0,84,2264,9953,0,0
2016-04-19,64,48,68,3551,98058,467719,21,14168,468846,468915,0,84,2264,9953,0,0
2016-04-20,68,36,63,3768,97676,496615,17,14410,497072,497128,3,48,2270,9780,0,0
2016-04-20,68,36,63,3768,97676,496615,17,14410,497072,497128,3,48,2270,9780,0,0
2016-04-21,66,61,45,3633,67531,276891,24,29276,277053,277139,1,29,2268,9700,0,0
2016-04-21,66,61,45,3633,67531,276891,24,29276,277053,277139,1,29,2268,9700,0,0
2016-04-22,57,46,2754,3483,73523,273556,18,13890,273199,273264,1,44,2126,9168,0,0
2016-04-22,57,46,2754,3483,73523,273556,18,13890,273199,273264,1,44,2126,9168,0,0
2016-04-23,55,45,47,3183,65099,265997,25,12929,266071,266141,0,35,1930,8321,0,0
2016-04-23,55,45,47,3183,65099,265997,25,12929,266071,266141,0,35,1930,8321,0,0
2016-04-24,38,50,67,3321,47941,262115,27,14072,262220,262298,1,90,2053,9258,0,0
2016-04-24,38,50,67,3321,47941,262115,27,14072,262220,262298,1,90,2053,9258,0,0
2016-04-25,71,46,57,3537,79258,265304,23,15203,231360,231432,3,76,2235,10001,0,0
2016-04-25,71,46,57,3537,79258,265304,23,15203,231360,231432,3,76,2235,10001,0,0
2016-04-26,89,49,68,3028,27132,235897,24,13616,235682,235759,3,73,1915,8914,1,0
2016-04-26,89,49,68,3028,27132,235897,24,13616,235682,235759,3,73,1915,8914,1,0
2016-04-27,34,57,56,3676,71225,296038,22,14738,296133,296213,1,45,2237,9630,0,0
2016-04-27,34,57,56,3676,71225,296038,22,14738,296133,296213,1,45,2237,9630,0,0
2016-04-28,88,50,42,3906,62761,277269,25,15264,277378,277454,1,102,2421,9942,0,0
2016-04-28,88,50,42,3906,62761,277269,25,15264,277378,277454,1,102,2421,9942,0,0
2016-04-29,55,48,46,3528,66043,277676,24,13817,277771,277844,1,39,2177,8868,0,0
2016-04-29,55,48,46,3528,66043,277676,24,13817,277771,277844,1,39,2177,8868,0,0
2016-04-30,56,53,49,3355,55181,272932,26,14845,273039,273118,0,53,2042,8875,0,0
2016-04-30,56,53,49,3355,55181,272932,26,14845,273039,273118,0,53,2042,8875,0,0
2016-05-01,44,73,60,3205,39496,207724,37,13483,209904,210016,2,37,2086,9103,0,0
2016-05-01,44,73,60,3205,39496,207724,37,13483,209904,210016,2,37,2086,9103,0,0
2016-05-02,59,77,50,3409,15095,152997,29,16283,153100,153206,0,71,2153,10342,0,0
2016-05-02,59,77,50,3409,15095,152997,29,16283,153100,153206,0,71,2153,10342,0,0
2016-05-03,54,52,60,3050,14083,152007,23,13875,152105,152186,6,18,1959,9060,0,0
2016-05-03,54,52,60,3050,14083,152007,23,13875,152105,152186,6,18,1959,9060,0,0
2016-05-04,59,67,51,3275,13096,177635,21,14424,177682,177773,3,51,2009,9365,0,0
2016-05-04,59,67,51,3275,13096,177635,21,14424,177682,177773,3,51,2009,9365,0,0
2016-05-05,71,55,56,3211,10083,162299,17,14493,162389,162463,2,29,2014,9292,0,0
2016-05-05,71,55,56,3211,10083,162299,17,14493,162389,162463,2,29,2014,9292,0,0
2016-05-06,42,54,82,3073,17326,158244,15,13587,158361,158431,1,30,1919,8659,0,0
2016-05-06,42,54,82,3073,17326,158244,15,13587,158361,158431,1,30,1919,8659,0,0
2016-05-07,43,42,97,3034,41689,220876,16,13468,221024,221085,3,28,1921,8490,0,0
2016-05-07,43,42,97,3034,41689,220876,16,13468,221024,221085,3,28,1921,8490,0,0
2016-05-08,47,65,93,3192,29472,199122,34,14049,199346,199449,4,16,2047,9080,0,0
2016-05-08,47,65,93,3192,29472,199122,34,14049,199346,199449,4,16,2047,9080,0,0
2016-05-09,52,64,91,3189,6349,143551,22,16684,143635,143726,1,21,2098,9947,0,0
2016-05-09,52,64,91,3189,6349,143551,22,16684,143635,143726,1,21,2098,9947,0,0
2016-05-10,51,57,75,3118,14714,144228,22,14484,144357,144438,2,37,2003,9067,0,0
2016-05-10,51,57,75,3118,14714,144228,22,14484,144357,144438,2,37,2003,9067,0,0
2016-05-11,78,52,56,3189,29068,166247,14,14398,166365,166432,1,27,2056,9316,0,0
2016-05-11,78,52,56,3189,29068,166247,14,14398,166365,166432,1,27,2056,9316,0,0
2016-05-12,865,46,56,3017,11205,152282,27,15264,153182,153255,0,34,2017,9424,0,0
2016-05-12,865,46,56,3017,11205,152282,27,15264,153182,153255,0,34,2017,9424,0,0
2016-05-13,76,46,50,3012,23615,149859,14,13508,149963,150024,1,11,1870,8762,0,0
2016-05-13,76,46,50,3012,23615,149859,14,13508,149963,150024,1,11,1870,8762,0,0
2016-05-14,104,48,66,3025,46148,217866,10,14174,218004,218064,2,4,1955,8809,0,0
2016-05-14,104,48,66,3025,46148,217866,10,14174,218004,218064,2,4,1955,8809,0,0
2016-05-15,71,76,49,3450,35790,194384,20,15720,194478,194576,2,16,2176,9882,0,0
2016-05-15,71,76,49,3450,35790,194384,20,15720,194478,194576,2,16,2176,9882,0,0
2016-05-16,53,72,55,3332,11763,139784,22,17393,139879,139976,3,13,2147,9991,0,0
2016-05-16,53,72,55,3332,11763,139784,22,17393,139879,139976,3,13,2147,9991,0,0
2016-05-17,56,62,69,3120,11806,142932,27,14852,143037,143127,1,19,2013,9752,0,0
2016-05-17,56,62,69,3120,11806,142932,27,14852,143037,143127,1,19,2013,9752,0,0
2016-05-18,55,68,63,3193,24447,166301,25,15284,166417,166515,5,2,2050,9654,0,0
2016-05-18,55,68,63,3193,24447,166301,25,15284,166417,166515,5,2,2050,9654,0,0
2016-05-19,51,65,60,3163,9353,154474,21,15468,154565,154655,4,7,2064,10105,0,0
2016-05-19,51,65,60,3163,9353,154474,21,15468,154565,154655,4,7,2064,10105,0,0
2016-05-20,45,58,81,2846,21414,135095,18,13484,135218,135294,0,7,1837,8761,0,0
2016-05-20,45,58,81,2846,21414,135095,18,13484,135218,135294,0,7,1837,8761,0,0
2016-05-21,62,62,87,2765,39412,191339,25,13335,191478,191565,0,33,1838,8634,0,0
2016-05-21,62,62,87,2765,39412,191339,25,13335,191478,191565,0,33,1838,8634,0,0
2016-05-22,53,57,112,2786,31684,168761,32,13693,168908,168998,1,25,1808,8800,0,0
2016-05-22,53,57,112,2786,31684,168761,32,13693,168908,168998,1,25,1808,8800,0,0
2016-05-23,32,85,63,2879,8679,125168,30,16105,125259,125376,2,55,1930,9838,0,0
2016-05-23,32,85,63,2879,8679,125168,30,16105,125259,125376,2,55,1930,9838,0,0
2016-05-24,41,53,82,2956,21876,133850,38,15047,133981,134073,1,93,1913,9266,0,0
2016-05-24,41,53,82,2956,21876,133850,38,15047,133981,134073,1,93,1913,9266,0,0
2016-05-25,101,70,74,3019,38792,148463,25,14858,148632,148728,1,7,1948,9310,0,0
2016-05-25,101,70,74,3019,38792,148463,25,14858,148632,148728,1,7,1948,9310,0,0
2016-05-26,91,60,82,3978,16318,175830,16,16294,175963,176041,2,1,2499,10476,0,0
2016-05-26,91,60,82,3978,16318,175830,16,16294,175963,176041,2,1,2499,10476,0,0
2016-05-27,35,57,58,3730,28689,162914,20,15410,163014,163092,1,6,2341,9866,0,0
2016-05-27,35,57,58,3730,28689,162914,20,15410,163014,163092,1,6,2341,9866,0,0
2016-05-28,50,63,100,3553,47458,225042,25,15075,225178,225269,3,49,2207,9306,0,0
2016-05-28,50,63,100,3553,47458,225042,25,15075,225178,225269,3,49,2207,9306,0,0
2016-05-29,94,50,70,3162,36468,181408,17,14572,181545,181614,2,94,2044,9162,0,0
2016-05-29,94,50,70,3162,36468,181408,17,14572,181545,181614,2,94,2044,9162,0,0
2016-05-30,66,69,59,3542,20063,159215,16,16964,159310,159395,0,113,2251,10232,0,0
2016-05-30,66,69,59,3542,20063,159215,16,16964,159310,159395,0,113,2251,10232,0,0
2016-05-31,35,61,59,3481,22065,150755,13,20068,150849,150924,1,52,2272,10804,0,0
2016-05-31,35,61,59,3481,22065,150755,13,20068,150849,150924,1,52,2272,10804,0,0
2016-06-01,32,64,72,3531,20393,175477,26,16416,175615,175705,0,16,2283,10582,0,0
2016-06-01,32,64,72,3531,20393,175477,26,16416,175615,175705,0,16,2283,10582,0,0
2016-06-02,34,55,77,3736,16211,169644,33,16575,169726,169816,2,41,2387,10626,0,0
2016-06-02,34,55,77,3736,16211,169644,33,16575,169726,169816,2,41,2387,10626,0,0
2016-06-03,45,51,61,3704,23889,170738,23,17474,170850,170927,3,24,2326,10620,0,0
2016-06-03,45,51,61,3704,23889,170738,23,17474,170850,170927,3,24,2326,10620,0,0
2016-06-04,51,67,78,3515,32477,231414,22,16711,231536,231629,4,78,2227,10143,0,0
2016-06-04,51,67,78,3515,32477,231414,22,16711,231536,231629,4,78,2227,10143,0,0
2016-06-05,49,60,93,3581,12302,198762,12,16695,198900,198974,2,67,2308,10664,0,0
2016-06-05,49,60,93,3581,12302,198762,12,16695,198900,198974,2,67,2308,10664,0,0
2016-06-06,49,64,69,3583,12024,142833,22,18466,142976,143064,2,51,2373,11421,0,0
2016-06-06,49,64,69,3583,12024,142833,22,18466,142976,143064,2,51,2373,11421,0,0
2016-06-07,43,61,67,3277,23336,144410,28,15986,144545,144635,1,46,2143,10285,0,0
2016-06-07,43,61,67,3277,23336,144410,28,15986,144545,144635,1,46,2143,10285,0,0
2016-06-08,54,83,55,3323,25753,154852,21,16540,154947,155055,4,86,2237,10560,0,0
2016-06-08,54,83,55,3323,25753,154852,21,16540,154947,155055,4,86,2237,10560,0,0
2016-06-09,46,55,56,1754,6867,105260,14,9494,105351,105420,0,88,1171,5966,0,0
2016-06-09,46,55,56,1754,6867,105260,14,9494,105351,105420,0,88,1171,5966,0,0
2016-06-10,39,58,71,3097,26135,163832,22,14843,163929,164011,2,24,1988,9407,0,0
2016-06-10,39,58,71,3097,26135,163832,22,14843,163929,164011,2,24,1988,9407,0,0
2016-06-11,51,62,104,3567,44628,215814,21,16289,215961,216044,0,57,2276,9982,0,0
2016-06-11,51,62,104,3567,44628,215814,21,16289,215961,216044,0,57,2276,9982,0,0
2016-06-12,48,59,88,3902,33148,196397,28,17573,196519,196608,2,23,2489,10858,0,0
2016-06-12,48,59,88,3902,33148,196397,28,17573,196519,196608,2,23,2489,10858,0,0
2016-06-13,32,60,58,3940,14271,138425,19,19156,138496,138579,4,18,2529,12014,0,0
2016-06-13,32,60,58,3940,14271,138425,19,19156,138496,138579,4,18,2529,12014,0,0
2016-06-14,43,71,71,3637,22906,151497,28,22957,151600,151699,0,33,2396,11299,0,0
2016-06-14,43,71,71,3637,22906,151497,28,22957,151600,151699,0,33,2396,11299,0,0
2016-06-15,49,64,57,4207,15821,160198,23,19620,160288,160379,4,28,2753,12193,0,0
2016-06-15,49,64,57,4207,15821,160198,23,19620,160288,160379,4,28,2753,12193,0,0
2016-06-16,35,74,64,4535,10151,160325,31,21175,160422,160527,0,117,2966,13111,0,0
2016-06-16,35,74,64,4535,10151,160325,31,21175,160422,160527,0,117,2966,13111,0,0
2016-06-17,47,51,62,4437,18060,158930,16,20847,159022,159093,4,43,2854,12875,0,0
2016-06-17,47,51,62,4437,18060,158930,16,20847,159022,159093,4,43,2854,12875,0,0
2016-06-18,50,55,107,4185,40820,221867,25,20261,222023,222103,0,69,2754,12449,0,0
2016-06-18,50,55,107,4185,40820,221867,25,20261,222023,222103,0,69,2754,12449,0,0
2016-06-19,53,61,73,4324,18309,201359,19,23715,201477,201558,1,67,2820,12772,0,0
2016-06-19,53,61,73,4324,18309,201359,19,23715,201477,201558,1,67,2820,12772,0,0
2016-06-20,43,45,77,3817,10637,148514,21,18745,148632,148700,2,25,2500,11653,0,0
2016-06-20,43,45,77,3817,10637,148514,21,18745,148632,148700,2,25,2500,11653,0,0
2016-06-21,64,59,68,3435,14615,153416,27,16387,153538,153627,3,107,2241,10545,0,0
2016-06-21,64,59,68,3435,14615,153416,27,16387,153538,153627,3,107,2241,10545,0,0
2016-06-22,52,60,60,3379,21944,159722,25,16082,159798,159883,0,2,2197,10093,0,0
2016-06-22,52,60,60,3379,21944,159722,25,16082,159798,159883,0,2,2197,10093,0,0
2016-06-23,42,56,81,3613,13991,168120,20,16165,168232,168309,1,3,2320,10380,0,0
2016-06-23,42,56,81,3613,13991,168120,20,16165,168232,168309,1,3,2320,10380,0,0
2016-06-24,61,50,63,3552,25133,168630,25,15741,168739,168814,0,71,2286,10026,0,0
2016-06-24,61,50,63,3552,25133,168630,25,15741,168739,168814,0,71,2286,10026,0,0
2016-06-25,48,53,99,3316,30867,227253,22,22198,227376,227451,0,39,2154,9677,0,0
2016-06-25,48,53,99,3316,30867,227253,22,22198,227376,227451,0,39,2154,9677,0,0
2016-06-26,37,73,81,3482,25883,205454,30,15843,205567,205672,2,85,2221,9851,0,0
2016-06-26,37,73,81,3482,25883,205454,30,15843,205567,205672,2,85,2221,9851,0,0
2016-06-27,34,62,108,3724,12295,156363,31,30812,156514,156610,3,38,2473,11245,0,0
2016-06-27,34,62,108,3724,12295,156363,31,30812,156514,156610,3,38,2473,11245,0,0
2016-06-28,63,90,98,3496,24545,159609,34,16815,159739,159864,1,54,2317,10528,0,0
2016-06-28,63,90,98,3496,24545,159609,34,16815,159739,159864,1,54,2317,10528,0,0
2016-06-29,47,75,97,3828,23250,172965,32,16668,173101,173210,2,1,2447,10773,0,0
2016-06-29,47,75,97,3828,23250,172965,32,16668,173101,173210,2,1,2447,10773,0,0
2016-06-30,42,61,93,3946,12456,176881,23,17494,177013,177097,0,4,2515,10927,0,0
2016-06-30,42,61,93,3946,12456,176881,23,17494,177013,177097,0,4,2515,10927,0,0
2016-07-01,50,48,84,3585,30377,172979,23,55981,173115,173186,0,13,2245,10477,0,0
2016-07-01,50,48,84,3585,30377,172979,23,55981,173115,173186,0,13,2245,10477,0,0
2016-07-02,50,70,75,3572,23174,174820,24,15586,174943,175039,2,178,2241,10136,0,0
2016-07-02,50,70,75,3572,23174,174820,24,15586,174943,175039,2,178,2241,10136,0,0
2016-07-03,61,77,76,3568,19014,165864,27,15569,165992,166099,3,146,2261,9812,0,0
2016-07-03,61,77,76,3568,19014,165864,27,15569,165992,166099,3,146,2261,9812,0,0
2016-07-04,65,47,56,3525,16119,160272,27,16250,160373,160452,5,30,2307,10099,0,0
2016-07-04,65,47,56,3525,16119,160272,27,16250,160373,160452,5,30,2307,10099,0,0
2016-07-05,42,80,101,3595,17882,157181,37,19637,157324,157443,2,19,2324,11195,0,0
2016-07-05,42,80,101,3595,17882,157181,37,19637,157324,157443,2,19,2324,11195,0,0
2016-07-06,50,74,107,3650,30396,161441,28,17594,161605,161710,3,50,2454,11540,0,0
2016-07-06,50,74,107,3650,30396,161441,28,17594,161605,161710,3,50,2454,11540,0,0
2016-07-07,59,84,109,3851,14045,180629,31,18341,180758,180874,1,68,2611,11417,0,0
2016-07-07,59,84,109,3851,14045,180629,31,18341,180758,180874,1,68,2611,11417,0,0
2016-07-08,59,58,98,3964,28998,180695,29,17044,180824,180915,4,48,2588,10995,0,0
2016-07-08,59,58,98,3964,28998,180695,29,17044,180824,180915,4,48,2588,10995,0,0
2016-07-09,45,69,102,3939,34463,181095,38,16647,181233,181344,4,77,2436,10635,0,0
2016-07-09,45,69,102,3939,34463,181095,38,16647,181233,181344,4,77,2436,10635,0,0
2016-07-10,52,113,86,4019,22520,182854,29,17313,182999,183145,4,57,2643,11102,0,0
2016-07-10,52,113,86,4019,22520,182854,29,17313,182999,183145,4,57,2643,11102,0,0
2016-07-11,55,96,88,4018,10613,168451,28,19345,168593,168721,4,42,2706,12219,0,0
2016-07-11,55,96,88,4018,10613,168451,28,19345,168593,168721,4,42,2706,12219,0,0
2016-07-12,46,79,98,3815,23597,171342,24,17134,171481,171585,0,26,2486,10993,0,0
2016-07-12,46,79,98,3815,23597,171342,24,17134,171481,171585,0,26,2486,10993,0,0
2016-07-13,70,70,90,4063,28292,183600,41,17935,183757,183871,3,79,2597,11443,0,0
2016-07-13,70,70,90,4063,28292,183600,41,17935,183757,183871,3,79,2597,11443,0,0
2016-07-14,52,82,97,4248,10818,185541,21,22689,185648,185751,0,44,2746,11489,0,0
2016-07-14,52,82,97,4248,10818,185541,21,22689,185648,185751,0,44,2746,11489,0,0
2016-07-15,52,59,73,4088,28688,194728,6786,18271,194857,201707,5,26,2612,11335,0,0
2016-07-15,52,59,73,4088,28688,194728,6786,18271,194857,201707,5,26,2612,11335,0,0
2016-07-16,48,75,74,4198,22305,187298,27,17350,187406,187511,3,31,2688,10919,0,0
2016-07-16,48,75,74,4198,22305,187298,27,17350,187406,187511,3,31,2688,10919,0,0
2016-07-17,43,93,75,4100,12100,185002,30,23001,185127,185252,2,53,2647,11384,0,0
2016-07-17,43,93,75,4100,12100,185002,30,23001,185127,185252,2,53,2647,11384,0,0
2016-07-18,64,89,93,5418,11586,177433,26,24454,177580,177698,3,9,3594,15366,0,0
2016-07-18,64,89,93,5418,11586,177433,26,24454,177580,177698,3,9,3594,15366,0,0
2016-07-19,59,106,133,5992,12940,180264,1167,28284,180457,181733,3,0,3975,16703,0,0
2016-07-19,59,106,133,5992,12940,180264,1167,28284,180457,181733,3,0,3975,16703,0,0
2016-07-20,60,104,118,6498,27588,192520,395,28688,192670,193174,5,0,4297,17862,0,0
2016-07-20,60,104,118,6498,27588,192520,395,28688,192670,193174,5,0,4297,17862,0,0
2016-07-21,62,77,127,6826,14283,194278,424,30816,194528,195031,2,146,4467,18775,0,0
2016-07-21,62,77,127,6826,14283,194278,424,30816,194528,195031,2,146,4467,18775,0,0
2016-07-22,51,86,144,5410,13823,194506,454,24794,194599,195142,3,99,3486,14920,0,0
2016-07-22,51,86,144,5410,13823,194506,454,24794,194599,195142,3,99,3486,14920,0,0
2016-07-23,49,62,130,4486,17329,194459,364,19683,194641,195071,4,44,2779,12003,0,0
2016-07-23,49,62,130,4486,17329,194459,364,19683,194641,195071,4,44,2779,12003,0,0
2016-07-24,60,80,114,4816,15744,196883,38,20541,197067,197532,1,19,3074,12742,0,0
2016-07-24,60,80,114,4816,15744,196883,38,20541,197067,197532,1,19,3074,12742,0,0
2016-07-25,74,70,95,4892,23178,183654,387,22247,183823,184284,4,36,3173,13522,0,0
2016-07-25,74,70,95,4892,23178,183654,387,22247,183823,184284,4,36,3173,13522,0,0
2016-07-26,87,69,125,4521,13821,186147,332,19467,186908,187313,4,232,2941,12575,0,0
2016-07-26,87,69,125,4521,13821,186147,332,19467,186908,187313,4,232,2941,12575,0,0
2016-07-27,77,100,117,4595,26285,199165,337,20060,199299,199741,5,177,2973,12840,0,0
2016-07-27,77,100,117,4595,26285,199165,337,20060,199299,199741,5,177,2973,12840,0,0
2016-07-28,82,99,96,4843,17402,203470,256,20027,203638,203997,4,41,3123,12868,0,0
2016-07-28,82,99,96,4843,17402,203470,256,20027,203638,203997,4,41,3123,12868,0,0
2016-07-29,83,97,97,4627,31072,206947,248,19946,207103,207448,0,78,2997,12486,0,0
2016-07-29,83,97,97,4627,31072,206947,248,19946,207103,207448,0,78,2997,12486,0,0
2016-07-30,76,85,101,4794,27841,209728,251,19916,209882,210221,3,75,3000,12452,0,0
2016-07-30,76,85,101,4794,27841,209728,251,19916,209882,210221,3,75,3000,12452,0,0
2016-07-31,91,108,112,4962,33732,204767,346,20580,204953,205412,5,102,3141,13037,0,0
2016-07-31,91,108,112,4962,33732,204767,346,20580,204953,205412,5,102,3141,13037,0,0
2016-08-01,75,85,121,5019,13505,198344,274,21619,198517,198879,3,109,3316,13799,0,0
2016-08-01,75,85,121,5019,13505,198344,274,21619,198517,198879,3,109,3316,13799,0,0
2016-08-02,64,108,146,4787,15029,192129,252,20551,192437,192800,3,66,3156,13388,0,0
2016-08-02,64,108,146,4787,15029,192129,252,20551,192437,192800,3,66,3156,13388,0,0
2016-08-03,82,112,120,4617,41653,209247,43,20995,209687,209850,8,51,3021,13001,0,0
2016-08-03,82,112,120,4617,41653,209247,43,20995,209687,209850,8,51,3021,13001,0,0
2016-08-04,70,112,100,5015,25498,211963,28,20935,212388,212530,2,55,3275,13297,0,0
2016-08-04,70,112,100,5015,25498,211963,28,20935,212388,212530,2,55,3275,13297,0,0
2016-08-05,71,94,121,4924,37397,212404,40,20554,212752,212889,3,97,3195,12990,0,0
2016-08-05,71,94,121,4924,37397,212404,40,20554,212752,212889,3,97,3195,12990,0,0
2016-08-06,56,85,93,4706,38375,210365,35,19170,210493,210619,6,8,2945,12263,0,0
2016-08-06,56,85,93,4706,38375,210365,35,19170,210493,210619,6,8,2945,12263,0,0
2016-08-07,84,132,102,5740,34034,211299,35,23335,211481,211652,4,151,3847,14958,0,0
2016-08-07,84,132,102,5740,34034,211299,35,23335,211481,211652,4,151,3847,14958,0,0
2016-08-08,90,139,114,5955,13571,203335,43,26069,203009,203194,3,136,3833,16009,0,0
2016-08-08,90,139,114,5955,13571,203335,43,26069,203009,203194,3,136,3833,16009,0,0
2016-08-09,79,126,114,6177,18436,208054,37,26621,208251,208418,4,50,4062,16802,0,0
2016-08-09,79,126,114,6177,18436,208054,37,26621,208251,208418,4,50,4062,16802,0,0
2016-08-10,103,90,127,5563,29512,219161,36,23300,219452,219582,4,30,3627,14723,0,0
2016-08-10,103,90,127,5563,29512,219161,36,23300,219452,219582,4,30,3627,14723,0,0
2016-08-11,82,91,149,5876,15874,230978,49,22676,231327,231471,4,67,3574,14181,0,0
2016-08-11,82,91,149,5876,15874,230978,49,22676,231327,231471,4,67,3574,14181,0,0
2016-08-12,85,85,144,5503,34886,230556,44,22164,230966,231097,2,91,3456,14081,0,0
2016-08-12,85,85,144,5503,34886,230556,44,22164,230966,231097,2,91,3456,14081,0,0
2016-08-13,81,48,143,4929,30421,216200,32,21773,216464,216544,0,82,3144,12845,0,0
2016-08-13,81,48,143,4929,30421,216200,32,21773,216464,216544,0,82,3144,12845,0,0
2016-08-14,82,79,146,4892,32609,208270,48,22317,208328,208456,1,112,3212,13229,0,0
2016-08-14,82,79,146,4892,32609,208270,48,22317,208328,208456,1,112,3212,13229,0,0
2016-08-15,76,94,159,6321,17364,240365,49,28202,240593,240741,4,96,4426,18678,1,0
2016-08-15,76,94,159,6321,17364,240365,49,28202,240593,240741,4,96,4426,18678,1,0
2016-08-16,83,88,138,5001,20549,205387,38,23071,205669,205798,3,94,3323,14833,0,0
2016-08-16,83,88,138,5001,20549,205387,38,23071,205669,205798,3,94,3323,14833,0,0
2016-08-17,94,77,164,5986,33466,225757,43,24632,226349,226472,3,93,3947,16012,0,0
2016-08-17,94,77,164,5986,33466,225757,43,24632,226349,226472,3,93,3947,16012,0,0
2016-08-18,123,62,129,7848,25848,230465,37,32932,230655,230756,2,161,5219,20743,0,0
2016-08-18,123,62,129,7848,25848,230465,37,32932,230655,230756,2,161,5219,20743,0,0
2016-08-19,95,74,162,7957,31873,236706,33,33544,236973,237083,3,43,5185,20516,0,0
2016-08-19,95,74,162,7957,31873,236706,33,33544,236973,237083,3,43,5185,20516,0,0
2016-08-20,87,60,125,6207,30384,232858,37,29429,232891,232990,2,54,3902,16320,0,0
2016-08-20,87,60,125,6207,30384,232858,37,29429,232891,232990,2,54,3902,16320,0,0
2016-08-21,82,96,45,8017,38184,217003,25,34146,216781,216905,3,81,5287,21260,0,0
2016-08-21,82,96,45,8017,38184,217003,25,34146,216781,216905,3,81,5287,21260,0,0
2016-08-22,85,76,199,6571,12980,208111,48,31838,208195,208322,3,48,4298,19080,0,0
2016-08-22,85,76,199,6571,12980,208111,48,31838,208195,208322,3,48,4298,19080,0,0
2016-08-23,102,117,168,5600,22838,197882,47,25209,198285,198453,4,118,3670,15676,0,0
2016-08-23,102,117,168,5600,22838,197882,47,25209,198285,198453,4,118,3670,15676,0,0
2016-08-24,127,90,174,5765,21697,229724,35,28531,230344,230471,2,71,3722,14401,0,0
2016-08-24,127,90,174,5765,21697,229724,35,28531,230344,230471,2,71,3722,14401,0,0
2016-08-25,85,96,152,6221,38945,318522,35,24660,318943,319076,2,137,3905,15759,0,0
2016-08-25,85,96,152,6221,38945,318522,35,24660,318943,319076,2,137,3905,15759,0,0
2016-08-26,110,112,165,6218,41877,322206,43,26060,322415,322573,3,75,3920,15901,0,0
2016-08-26,110,112,165,6218,41877,322206,43,26060,322415,322573,3,75,3920,15901,0,0
2016-08-27,97,79,170,6067,23312,321659,50,24524,321476,321615,10,72,3757,15283,0,0
2016-08-27,97,79,170,6067,23312,321659,50,24524,321476,321615,10,72,3757,15283,0,0
2016-08-28,99,98,203,6325,20985,314342,55,25794,314091,314249,5,74,3986,15894,0,0
2016-08-28,99,98,203,6325,20985,314342,55,25794,314091,314249,5,74,3986,15894,0,0
2016-08-29,120,103,162,6611,26451,299080,52,29896,299448,299608,5,59,4239,17764,0,0
2016-08-29,120,103,162,6611,26451,299080,52,29896,299448,299608,5,59,4239,17764,0,0
2016-08-30,101,91,215,6106,20426,306581,43,26641,306541,306677,2,69,3853,16059,0,0
2016-08-30,101,91,215,6106,20426,306581,43,26641,306541,306677,2,69,3853,16059,0,0
2016-08-31,96,109,211,6099,29739,325082,56,25892,326159,326330,6,96,3865,16287,0,0
2016-08-31,96,109,211,6099,29739,325082,56,25892,326159,326330,6,96,3865,16287,0,0
2016-09-01,95,103,173,6302,30345,336589,55,24773,331694,331858,6,34,3915,15909,0,0
2016-09-01,95,103,173,6302,30345,336589,55,24773,331694,331858,6,34,3915,15909,0,0
2016-09-02,91,78,133,6136,20407,339256,36,38244,339398,339515,3,10,3906,15680,0,0
2016-09-02,91,78,133,6136,20407,339256,36,38244,339398,339515,3,10,3906,15680,0,0
2016-09-03,119,79,151,5522,24563,178288,37,23464,178492,178611,3,67,3416,14489,0,0
2016-09-03,119,79,151,5522,24563,178288,37,23464,178492,178611,3,67,3416,14489,0,0
2016-09-04,81,93,145,5967,27592,171357,34,24210,171547,171679,5,58,3718,15062,0,0
2016-09-04,81,93,145,5967,27592,171357,34,24210,171547,171679,5,58,3718,15062,0,0
2016-09-05,81,104,145,5974,19763,165422,46,25560,165620,165770,0,104,3785,15465,0,0
2016-09-05,81,104,145,5974,19763,165422,46,25560,165620,165770,0,104,3785,15465,0,0
2016-09-06,84,76,923,5851,17956,158619,37,27517,158816,158931,2,86,3777,16972,0,0
2016-09-06,84,76,923,5851,17956,158619,37,27517,158816,158931,2,86,3777,16972,0,0
2016-09-07,63,84,125,5404,20359,165800,37,25521,165971,166096,4,84,3575,16125,0,0
2016-09-07,63,84,125,5404,20359,165800,37,25521,165971,166096,4,84,3575,16125,0,0
2016-09-08,75,113,122,8194,17399,173069,49,36134,173247,173417,8,71,5435,22939,0,0
2016-09-08,75,113,122,8194,17399,173069,49,36134,173247,173417,8,71,5435,22939,0,0
2016-09-09,82,76,112,8070,25307,170365,37,37080,170582,170699,4,53,5280,22855,0,0
2016-09-09,82,76,112,8070,25307,170365,37,37080,170582,170699,4,53,5280,22855,0,0
2016-09-10,45,85,118,7033,14189,75492,35,33107,75603,75723,0,87,4537,20045,0,0
2016-09-10,45,85,118,7033,14189,75492,35,33107,75603,75723,0,87,4537,20045,0,0
2016-09-11,74,88,120,6725,13548,78239,31,32105,78412,78534,3,32,4378,18707,0,0
2016-09-11,74,88,120,6725,13548,78239,31,32105,78412,78534,3,32,4378,18707,0,0
2016-09-12,76,112,110,7033,12089,76313,38,33066,76555,76708,3,18,4504,20608,0,0
2016-09-12,76,112,110,7033,12089,76313,38,33066,76555,76708,3,18,4504,20608,0,0
2016-09-13,66,102,126,5398,7646,49145,41,26755,49412,49559,4,74,3412,16170,0,0
2016-09-13,66,102,126,5398,7646,49145,41,26755,49412,49559,4,74,3412,16170,0,0
2016-09-14,61,87,132,4894,9524,52033,41,22706,52070,52202,4,76,3056,13453,0,0
2016-09-14,61,87,132,4894,9524,52033,41,22706,52070,52202,4,76,3056,13453,0,0
2016-09-15,54,107,118,4624,5708,53135,42,22585,53353,53506,4,28,2937,13572,0,0
2016-09-15,54,107,118,4624,5708,53135,42,22585,53353,53506,4,28,2937,13572,0,0
2016-09-16,82,87,121,4353,9678,53781,38,22056,53864,53994,5,6,2878,12944,0,0
2016-09-16,82,87,121,4353,9678,53781,38,22056,53864,53994,5,6,2878,12944,0,0
2016-09-17,51,88,132,4205,5492,52220,30,19474,52404,52527,5,135,2705,11993,0,0
2016-09-17,51,88,132,4205,5492,52220,30,19474,52404,52527,5,135,2705,11993,0,0
2016-09-18,44,94,112,4415,6058,51922,44,19596,52097,52242,7,12,2885,12286,0,0
2016-09-18,44,94,112,4415,6058,51922,44,19596,52097,52242,7,12,2885,12286,0,0
2016-09-19,43,116,135,4768,5425,45131,43,23868,45282,45444,3,47,3082,14612,0,0
2016-09-19,43,116,135,4768,5425,45131,43,23868,45282,45444,3,47,3082,14612,0,0
2016-09-20,54,100,132,4252,8555,48135,53,25477,48319,48479,7,36,2744,12354,0,0
2016-09-20,54,100,132,4252,8555,48135,53,25477,48319,48479,7,36,2744,12354,0,0
2016-09-21,58,107,131,4493,5730,48324,39,23279,48503,48653,4,40,2967,13351,0,0
2016-09-21,58,107,131,4493,5730,48324,39,23279,48503,48653,4,40,2967,13351,0,0
2016-09-22,48,81,139,4723,5554,50193,31,21273,50353,50471,6,80,3018,13353,0,0
2016-09-22,48,81,139,4723,5554,50193,31,21273,50353,50471,6,80,3018,13353,0,0
2016-09-23,57,80,159,4613,10049,52556,38,21667,52754,52874,2,79,2907,13109,0,0
2016-09-23,57,80,159,4613,10049,52556,38,21667,52754,52874,2,79,2907,13109,0,0
2016-09-24,58,60,162,4430,6171,52290,35,20917,52512,52610,3,35,2869,12652,0,0
2016-09-24,58,60,162,4430,6171,52290,35,20917,52512,52610,3,35,2869,12652,0,0
2016-09-25,59,68,158,4579,7113,50543,46,21243,50755,50872,3,77,2946,12772,0,0
2016-09-25,59,68,158,4579,7113,50543,46,21243,50755,50872,3,77,2946,12772,0,0
2016-09-26,50,75,161,4541,4805,47918,45,22826,48146,48271,5,92,2850,13581,0,0
2016-09-26,50,75,161,4541,4805,47918,45,22826,48146,48271,5,92,2850,13581,0,0
2016-09-27,55,91,183,4006,5225,42040,46,20398,42264,42405,4,131,2533,12224,0,0
2016-09-27,55,91,183,4006,5225,42040,46,20398,42264,42405,4,131,2533,12224,0,0
2016-09-28,68,124,183,4665,7114,53967,65,20911,54218,54416,9,28,3022,13041,0,0
2016-09-28,68,124,183,4665,7114,53967,65,20911,54218,54416,9,28,3022,13041,0,0
2016-09-29,56,80,191,4947,6777,56042,37,22415,56283,56406,6,30,3212,13810,0,0
2016-09-29,56,80,191,4947,6777,56042,37,22415,56283,56406,6,30,3212,13810,0,0
2016-09-30,71,86,143,4620,6734,52867,47,24607,53068,53214,13,29,2941,13121,0,0
2016-09-30,71,86,143,4620,6734,52867,47,24607,53068,53214,13,29,2941,13121,0,0
2016-10-01,67,69,178,4316,6795,52606,47,19421,52830,52947,1,108,2837,12205,0,0
2016-10-01,67,69,178,4316,6795,52606,47,19421,52830,52947,1,108,2837,12205,0,0
2016-10-02,82,110,180,4632,8560,53608,47,20605,53857,54019,5,37,3053,12841,0,0
2016-10-02,82,110,180,4632,8560,53608,47,20605,53857,54019,5,37,3053,12841,0,0
2016-10-03,78,96,243,5009,7702,51386,47,24289,51708,51858,7,50,3271,14435,0,0
2016-10-03,78,96,243,5009,7702,51386,47,24289,51708,51858,7,50,3271,14435,0,0
2016-10-04,72,118,193,4527,5924,51134,61,21068,51394,51577,4,50,3025,13158,0,0
2016-10-04,72,118,193,4527,5924,51134,61,21068,51394,51577,4,50,3025,13158,0,0
2016-10-05,70,102,229,4601,10699,54689,60,20582,55021,55188,5,74,2971,12906,0,0
2016-10-05,70,102,229,4601,10699,54689,60,20582,55021,55188,5,74,2971,12906,0,0
2016-10-06,89,120,204,5072,7431,56403,64,23084,56648,56835,3,49,3346,13783,0,0
2016-10-06,89,120,204,5072,7431,56403,64,23084,56648,56835,3,49,3346,13783,0,0
2016-10-07,87,84,198,4826,8037,54162,51,21301,54383,54522,4,141,3155,13309,0,0
2016-10-07,87,84,198,4826,8037,54162,51,21301,54383,54522,4,141,3155,13309,0,0
2016-10-08,90,96,177,4303,7716,55930,42,22319,56162,56301,1,51,2733,12042,0,0
2016-10-08,90,96,177,4303,7716,55930,42,22319,56162,56301,1,51,2733,12042,0,0
2016-10-09,88,116,216,4672,9405,56140,52,23903,56428,56604,8,93,3107,13249,0,0
2016-10-09,88,116,216,4672,9405,56140,52,23903,56428,56604,8,93,3107,13249,0,0
2016-10-10,71,86,229,4844,7753,53274,61,29052,53564,53713,2,198,3200,13706,0,0
2016-10-10,71,86,229,4844,7753,53274,61,29052,53564,53713,2,198,3200,13706,0,0
2016-10-11,88,108,187,4659,9883,49755,41,21904,50010,50167,8,33,3073,13327,0,0
2016-10-11,88,108,187,4659,9883,49755,41,21904,50010,50167,8,33,3073,13327,0,0
2016-10-12,91,113,183,4895,9329,53729,58,22563,53976,54150,3,43,3139,13663,0,0
2016-10-12,91,113,183,4895,9329,53729,58,22563,53976,54150,3,43,3139,13663,0,0
2016-10-13,69,104,174,5044,6934,52265,54,22829,52502,52661,1,108,3284,13856,0,0
2016-10-13,69,104,174,5044,6934,52265,54,22829,52502,52661,1,108,3284,13856,0,0
2016-10-14,71,101,166,4849,10887,53381,44,21736,53607,53757,5,65,3142,13102,0,0
2016-10-14,71,101,166,4849,10887,53381,44,21736,53607,53757,5,65,3142,13102,0,0
2016-10-15,68,90,154,4708,8705,55936,51,22071,56151,56301,9,52,3063,13063,0,0
2016-10-15,68,90,154,4708,8705,55936,51,22071,56151,56301,9,52,3063,13063,0,0
2016-10-16,84,108,190,4962,11276,54791,48,22592,55065,55225,4,75,3281,13827,0,0
2016-10-16,84,108,190,4962,11276,54791,48,22592,55065,55225,4,75,3281,13827,0,0
2016-10-17,140,119,216,5219,8099,51389,53,23794,51716,51892,4,73,3384,14312,0,0
2016-10-17,140,119,216,5219,8099,51389,53,23794,51716,51892,4,73,3384,14312,0,0
2016-10-18,146,108,199,4833,10382,52957,41,22058,53296,53448,3,75,3153,13412,0,0
2016-10-18,146,108,199,4833,10382,52957,41,22058,53296,53448,3,75,3153,13412,0,0
2016-10-19,145,112,197,5221,12743,58183,43,23766,58526,58684,3,22,3390,13863,0,0
2016-10-19,145,112,197,5221,12743,58183,43,23766,58526,58684,3,22,3390,13863,0,0
2016-10-20,83,112,180,5376,8756,56873,44,30185,57130,57291,5,79,3546,14664,0,0
2016-10-20,83,112,180,5376,8756,56873,44,30185,57130,57291,5,79,3546,14664,0,0
2016-10-21,106,93,135,5351,12484,55015,44,22217,55221,55361,3,42,3275,13604,0,0
2016-10-21,106,93,135,5351,12484,55015,44,22217,55221,55361,3,42,3275,13604,0,0
2016-10-22,87,93,173,4907,9377,56694,45,40506,56915,57057,4,37,3168,13086,0,0
2016-10-22,87,93,173,4907,9377,56694,45,40506,56915,57057,4,37,3168,13086,0,0
2016-10-23,82,110,181,5403,11632,58045,52,23344,58271,58438,5,39,3486,14185,0,0
2016-10-23,82,110,181,5403,11632,58045,52,23344,58271,58438,5,39,3486,14185,0,0
2016-10-24,66,127,179,6051,5948,55792,59,27847,56033,56223,3,98,3910,16523,0,0
2016-10-24,66,127,179,6051,5948,55792,59,27847,56033,56223,3,98,3910,16523,0,0
2016-10-25,69,125,249,5233,8687,53889,45,24370,54199,54373,4,68,3370,14304,0,0
2016-10-25,69,125,249,5233,8687,53889,45,24370,54199,54373,4,68,3370,14304,0,0
2016-10-26,64,109,199,5123,9043,56595,43,23498,56862,57024,10,49,3398,14384,0,0
2016-10-26,64,109,199,5123,9043,56595,43,23498,56862,57024,10,49,3398,14384,0,0
2016-10-27,90,106,196,5998,6125,59469,49,25763,59734,59893,4,65,3869,15255,0,0
2016-10-27,90,106,196,5998,6125,59469,49,25763,59734,59893,4,65,3869,15255,0,0
2016-10-28,75,114,176,6003,8182,58506,39,27593,58752,58907,2,38,3825,14929,0,0
2016-10-28,75,114,176,6003,8182,58506,39,27593,58752,58907,2,38,3825,14929,0,0
2016-10-29,78,83,156,5164,6994,54949,51,22054,55158,55297,5,43,3335,13026,0,0
2016-10-29,78,83,156,5164,6994,54949,51,22054,55158,55297,5,43,3335,13026,0,0
2016-10-30,78,98,159,4818,7871,56943,45,21683,57160,57307,4,35,3245,13326,0,0
2016-10-30,78,98,159,4818,7871,56943,45,21683,57160,57307,4,35,3245,13326,0,0
2016-10-31,68,87,184,5325,6717,52912,46,25124,53104,53240,3,37,3542,15165,0,0
2016-10-31,68,87,184,5325,6717,52912,46,25124,53104,53240,3,37,3542,15165,0,0
2016-11-01,66,103,182,4829,7503,53235,55,22750,53471,53631,2,20,3160,13973,0,0
2016-11-01,66,103,182,4829,7503,53235,55,22750,53471,53631,2,20,3160,13973,0,0
2016-11-02,62,104,205,5179,9572,61492,57,22759,61755,61919,3,27,3423,13923,0,0
2016-11-02,62,104,205,5179,9572,61492,57,22759,61755,61919,3,27,3423,13923,0,0
2016-11-03,84,87,206,5808,6993,58978,48,25122,59252,59393,6,48,3754,15492,0,0
2016-11-03,84,87,206,5808,6993,58978,48,25122,59252,59393,6,48,3754,15492,0,0
2016-11-04,64,100,198,5556,8899,57797,47,24624,58049,58204,8,34,3561,14702,0,0
2016-11-04,64,100,198,5556,8899,57797,47,24624,58049,58204,8,34,3561,14702,0,0
2016-11-05,71,83,160,5286,7760,58544,30,22886,58767,58884,4,40,3407,13704,0,0
2016-11-05,71,83,160,5286,7760,58544,30,22886,58767,58884,4,40,3407,13704,0,0
2016-11-06,92,126,181,5421,9445,57861,52,23949,58097,58280,5,32,3568,14671,0,0
2016-11-06,92,126,181,5421,9445,57861,52,23949,58097,58280,5,32,3568,14671,0,0
2016-11-07,87,106,180,4595,8441,52466,36,23392,52716,52860,2,23,3043,13363,0,0
2016-11-07,87,106,180,4595,8441,52466,36,23392,52716,52860,2,23,3043,13363,0,0
2016-11-08,68,74,168,4671,8083,51671,45,29523,51806,51926,1,35,2937,13156,0,0
2016-11-08,68,74,168,4671,8083,51671,45,29523,51806,51926,1,35,2937,13156,0,0
2016-11-09,66,112,182,4244,9827,55185,43,49743,55416,55577,6,35,2823,12558,0,0
2016-11-09,66,112,182,4244,9827,55185,43,49743,55416,55577,6,35,2823,12558,0,0
2016-11-10,69,70,141,4929,7061,58436,34,22493,58640,58745,1,43,3244,13802,0,0
2016-11-10,69,70,141,4929,7061,58436,34,22493,58640,58745,1,43,3244,13802,0,0
2016-11-11,72,83,148,4987,9661,57132,42,32351,57342,57469,2,22,3285,14068,0,0
2016-11-11,72,83,148,4987,9661,57132,42,32351,57342,57469,2,22,3285,14068,0,0
2016-11-12,57,88,144,4207,9377,57143,48,20017,57325,57462,1,39,2789,12489,0,0
2016-11-12,57,88,144,4207,9377,57143,48,20017,57325,57462,1,39,2789,12489,0,0
2016-11-13,75,107,149,4914,9339,58786,52,27209,58984,59146,3,41,3210,13500,0,0
2016-11-13,75,107,149,4914,9339,58786,52,27209,58984,59146,3,41,3210,13500,0,0
2016-11-14,98,111,145,5206,8500,55873,47,27226,56100,56268,9,36,3416,15340,0,0
2016-11-14,98,111,145,5206,8500,55873,47,27226,56100,56268,9,36,3416,15340,0,0
2016-11-15,54,126,156,4814,7889,53623,56,22498,53835,54022,5,43,3151,13544,0,0
2016-11-15,54,126,156,4814,7889,53623,56,22498,53835,54022,5,43,3151,13544,0,0
2016-11-16,71,103,173,4969,8363,57309,63,23104,57545,57720,9,39,3243,14011,0,0
2016-11-16,71,103,173,4969,8363,57309,63,23104,57545,57720,9,39,3243,14011,0,0
2016-11-17,67,109,183,5247,8533,58204,46,28755,58442,58604,7,41,3350,14074,0,0
2016-11-17,67,109,183,5247,8533,58204,46,28755,58442,58604,7,41,3350,14074,0,0
2016-11-18,67,76,161,5111,10335,57917,34,24158,58130,58244,4,50,3318,14156,0,0
2016-11-18,67,76,161,5111,10335,57917,34,24158,58130,58244,4,50,3318,14156,0,0
2016-11-19,65,91,147,4651,10465,59959,36,21114,60166,60296,3,48,2992,12918,0,0
2016-11-19,65,91,147,4651,10465,59959,36,21114,60166,60296,3,48,2992,12918,0,0
2016-11-20,64,88,147,5303,11729,60396,47,28975,60607,60746,4,38,3418,13996,0,0
2016-11-20,64,88,147,5303,11729,60396,47,28975,60607,60746,4,38,3418,13996,0,0
2016-11-21,73,96,172,5307,13152,58790,36,29242,59011,59147,4,55,3424,14826,0,0
2016-11-21,73,96,172,5307,13152,58790,36,29242,59011,59147,4,55,3424,14826,0,0
2016-11-22,62,84,145,4821,8431,52639,37,22904,52831,52957,5,44,2965,13265,0,0
2016-11-22,62,84,145,4821,8431,52639,37,22904,52831,52957,5,44,2965,13265,0,0
2016-11-23,91,82,131,4076,9517,62689,36,20351,62887,63012,7,35,2707,12297,0,0
2016-11-23,91,82,131,4076,9517,62689,36,20351,62887,63012,7,35,2707,12297,0,0
2016-11-24,56,66,102,4508,10881,61307,33,20374,61444,61548,5,27,2984,12871,0,0
2016-11-24,56,66,102,4508,10881,61307,33,20374,61444,61548,5,27,2984,12871,0,0
2016-11-25,59,77,133,4828,11632,58981,39,21649,59151,59271,4,23,2982,13301,0,0
2016-11-25,59,77,133,4828,11632,58981,39,21649,59151,59271,4,23,2982,13301,0,0
2016-11-26,75,63,144,4432,52158,56470,29,24088,56646,56740,2,23,2810,12741,0,0
2016-11-26,75,63,144,4432,52158,56470,29,24088,56646,56740,2,23,2810,12741,0,0
2016-11-27,56,117,146,4621,50892,60091,68,20965,60303,60493,5,32,2964,13001,0,0
2016-11-27,56,117,146,4621,50892,60091,68,20965,60303,60493,5,32,2964,13001,0,0
2016-11-28,53,97,150,5306,40143,61949,46,24733,62163,62311,5,44,3371,15209,0,0
2016-11-28,53,97,150,5306,40143,61949,46,24733,62163,62311,5,44,3371,15209,0,0
2016-11-29,64,96,157,5014,30380,58850,50,33508,59059,59209,4,42,3235,14043,0,0
2016-11-29,64,96,157,5014,30380,58850,50,33508,59059,59209,4,42,3235,14043,0,0
2016-11-30,71,103,176,5201,9098,59036,59,34609,59273,59442,7,43,3360,14046,0,0
2016-11-30,71,103,176,5201,9098,59036,59,34609,59273,59442,7,43,3360,14046,0,0
2016-12-01,70,109,147,5387,11861,59957,44,23598,60168,60324,3,35,3414,14314,0,0
2016-12-01,70,109,147,5387,11861,59957,44,23598,60168,60324,3,35,3414,14314,0,0
2016-12-02,83,82,128,5468,11018,55750,38,22740,55946,56069,3,20,3320,13968,0,0
2016-12-02,83,82,128,5468,11018,55750,38,22740,55946,56069,3,20,3320,13968,0,0
2016-12-03,86,83,140,5292,11214,58667,41,25396,58867,58996,5,30,3235,12952,0,0
2016-12-03,86,83,140,5292,11214,58667,41,25396,58867,58996,5,30,3235,12952,0,0
2016-12-04,79,91,151,5593,10066,56576,35,23950,56775,56905,4,32,3663,14912,0,0
2016-12-04,79,91,151,5593,10066,56576,35,23950,56775,56905,4,32,3663,14912,0,0
2016-12-05,75,102,198,5763,9502,51867,44,40300,52115,52273,12,52,3541,15460,0,0
2016-12-05,75,102,198,5763,9502,51867,44,40300,52115,52273,12,52,3541,15460,0,0
2016-12-06,75,96,115,4848,7962,52011,40,22156,52183,52327,8,57,3170,13833,0,0
2016-12-06,75,96,115,4848,7962,52011,40,22156,52183,52327,8,57,3170,13833,0,0
2016-12-07,49,107,97,5053,8212,56661,42,22078,56797,56951,5,70,3245,13610,0,0
2016-12-07,49,107,97,5053,8212,56661,42,22078,56797,56951,5,70,3245,13610,0,0
2016-12-08,150,128,111,5390,10121,57174,38,23816,57353,57522,3,37,3491,14643,0,0
2016-12-08,150,128,111,5390,10121,57174,38,23816,57353,57522,3,37,3491,14643,0,0
2016-12-09,68,106,111,5299,14485,56693,43,22962,56867,57021,5,22,3410,14210,0,0
2016-12-09,68,106,111,5299,14485,56693,43,22962,56867,57021,5,22,3410,14210,0,0
2016-12-10,58,92,88,4863,15616,57356,38,24651,57476,57614,8,26,3167,12709,0,0
2016-12-10,58,92,88,4863,15616,57356,38,24651,57476,57614,8,26,3167,12709,0,0
2016-12-11,82,121,80,5028,13664,55153,36,24247,55282,55444,5,44,3255,13298,0,0
2016-12-11,82,121,80,5028,13664,55153,36,24247,55282,55444,5,44,3255,13298,0,0
2016-12-12,51,103,100,5439,11598,53407,35,25026,53542,53684,4,41,3447,15125,0,0
2016-12-12,51,103,100,5439,11598,53407,35,25026,53542,53684,4,41,3447,15125,0,0
2016-12-13,70,113,80,5247,11418,50048,56,23675,50160,50337,8,25,3349,14344,0,0
2016-12-13,70,113,80,5247,11418,50048,56,23675,50160,50337,8,25,3349,14344,0,0
2016-12-14,71,87,85,4762,11377,53121,46,36401,53243,53378,2,29,3086,13709,0,0
2016-12-14,71,87,85,4762,11377,53121,46,36401,53243,53378,2,29,3086,13709,0,0
2016-12-15,52,99,110,5208,40436,53862,33,24583,54015,54153,6,49,3398,14369,0,0
2016-12-15,52,99,110,5208,40436,53862,33,24583,54015,54153,6,49,3398,14369,0,0
2016-12-16,61,104,90,5164,21105,54153,43,26039,54277,54428,4,38,3393,14628,0,0
2016-12-16,61,104,90,5164,21105,54153,43,26039,54277,54428,4,38,3393,14628,0,0
2016-12-17,44,85,101,4911,15130,52600,30,21387,52722,52840,3,35,3135,13167,0,0
2016-12-17,44,85,101,4911,15130,52600,30,21387,52722,52840,3,35,3135,13167,0,0
2016-12-18,62,131,91,4845,9989,53967,38,21405,54110,54286,7,30,3138,13040,0,0
2016-12-18,62,131,91,4845,9989,53967,38,21405,54110,54286,7,30,3138,13040,0,0
2016-12-19,60,92,117,5520,8173,50695,42,29796,50855,50999,10,39,3586,15302,0,0
2016-12-19,60,92,117,5520,8173,50695,42,29796,50855,50999,10,39,3586,15302,0,0
2016-12-20,55,96,97,4759,7340,50557,39,22640,50699,50843,9,24,3093,13847,0,0
2016-12-20,55,96,97,4759,7340,50557,39,22640,50699,50843,9,24,3093,13847,0,0
2016-12-21,62,99,111,4781,16485,55095,36,22674,55247,55393,11,26,3098,13616,0,0
2016-12-21,62,99,111,4781,16485,55095,36,22674,55247,55393,11,26,3098,13616,0,0
2016-12-22,69,134,115,4966,9049,55817,51,21963,55997,56190,8,33,3196,13256,0,0
2016-12-22,69,134,115,4966,9049,55817,51,21963,55997,56190,8,33,3196,13256,0,0
2016-12-23,57,86,86,4923,15867,56726,35,22320,56848,56975,6,29,3149,13885,0,0
2016-12-23,57,86,86,4923,15867,56726,35,22320,56848,56975,6,29,3149,13885,0,0
2016-12-24,92,60,63,4827,15190,55393,28,23289,55490,55580,2,14,3082,13552,0,0
2016-12-24,92,60,63,4827,15190,55393,28,23289,55490,55580,2,14,3082,13552,0,0
2016-12-25,42,98,59,4304,9250,54540,37,24671,54623,54763,5,12,2758,12135,0,0
2016-12-25,42,98,59,4304,9250,54540,37,24671,54623,54763,5,12,2758,12135,0,0
2016-12-26,64,114,113,4924,8893,51468,42,24036,51637,51797,4,34,3223,14259,0,0
2016-12-26,64,114,113,4924,8893,51468,42,24036,51637,51797,4,34,3223,14259,0,0
2016-12-27,65,109,105,4967,10163,50817,32,25358,50960,51109,8,33,3202,14730,0,0
2016-12-27,65,109,105,4967,10163,50817,32,25358,50960,51109,8,33,3202,14730,0,0
2016-12-28,58,146,133,4823,11388,58092,32,23457,58272,58462,12,15,3186,14047,0,0
2016-12-28,58,146,133,4823,11388,58092,32,23457,58272,58462,12,15,3186,14047,0,0
2016-12-29,78,123,112,5493,10889,60588,55,26922,60754,60939,7,27,3530,14655,0,0
2016-12-29,78,123,112,5493,10889,60588,55,26922,60754,60939,7,27,3530,14655,0,0
2016-12-30,58,149,124,5709,14636,62289,52,24708,62461,62668,6,22,3631,14886,0,0
2016-12-30,58,149,124,5709,14636,62289,52,24708,62461,62668,6,22,3631,14886,0,0
2016-12-31,59,102,125,5257,17239,62527,67,23198,62704,62880,7,27,3413,14291,0,0
2016-12-31,59,102,125,5257,17239,62527,67,23198,62704,62880,7,27,3413,14291,0,0
2017-01-01,64,133,118,5069,10870,63466,45,23362,63644,63830,8,27,3312,13736,0,0
2017-01-01,64,133,118,5069,10870,63466,45,23362,63644,63830,8,27,3312,13736,0,0
2017-01-02,75,157,176,6308,16354,62933,77,31085,63151,63388,3,43,3997,16895,0,0
2017-01-02,75,157,176,6308,16354,62933,77,31085,63151,63388,3,43,3997,16895,0,0
2017-01-03,59,168,150,5964,12417,60895,68,30865,61094,61343,13,62,3812,16364,0,0
2017-01-03,59,168,150,5964,12417,60895,68,30865,61094,61343,13,62,3812,16364,0,0
2017-01-04,64,141,195,5616,18357,65610,77,27815,65852,66079,9,27,3660,15686,0,0
2017-01-04,64,141,195,5616,18357,65610,77,27815,65852,66079,9,27,3660,15686,0,0
2017-01-05,57,148,170,5782,11743,69108,74,25207,69326,69555,7,24,3814,15581,0,0
2017-01-05,57,148,170,5782,11743,69108,74,25207,69326,69555,7,24,3814,15581,0,0
2017-01-06,70,154,143,6524,16991,68622,64,27009,68816,69051,17,30,4163,16603,0,0
2017-01-06,70,154,143,6524,16991,68622,64,27009,68816,69051,17,30,4163,16603,0,0
2017-01-07,85,190,157,5897,19011,67546,72,26558,67775,68044,7,24,3874,15908,0,0
2017-01-07,85,190,157,5897,19011,67546,72,26558,67775,68044,7,24,3874,15908,0,0
2017-01-08,73,189,187,6325,11916,68277,85,27195,68521,68804,9,35,4058,16155,0,0
2017-01-08,73,189,187,6325,11916,68277,85,27195,68521,68804,9,35,4058,16155,0,0
2017-01-09,63,148,196,6634,14941,65405,76,30448,65655,65883,4,31,4235,17659,0,0
2017-01-09,63,148,196,6634,14941,65405,76,30448,65655,65883,4,31,4235,17659,0,0
2017-01-10,88,207,187,5845,10285,65213,74,26080,65467,65763,15,18,3709,15540,0,0
2017-01-10,88,207,187,5845,10285,65213,74,26080,65467,65763,15,18,3709,15540,0,0
2017-01-11,88,172,199,5383,12835,71607,67,26454,71878,72125,8,30,3548,15520,0,0
2017-01-11,88,172,199,5383,12835,71607,67,26454,71878,72125,8,30,3548,15520,0,0
2017-01-12,80,177,162,6264,18337,72354,80,38103,72583,72853,13,30,4137,16969,0,0
2017-01-12,80,177,162,6264,18337,72354,80,38103,72583,72853,13,30,4137,16969,0,0
2017-01-13,82,190,157,6203,22481,75443,67,26222,75671,75935,7,85,4047,15941,0,0
2017-01-13,82,190,157,6203,22481,75443,67,26222,75671,75935,7,85,4047,15941,0,0
2017-01-14,96,136,163,6007,22161,77589,71,26592,77819,78029,3,40,3947,15537,0,0
2017-01-14,96,136,163,6007,22161,77589,71,26592,77819,78029,3,40,3947,15537,0,0
2017-01-15,80,223,170,6367,15894,77859,55,28821,78091,78374,5,28,4158,16945,0,0
2017-01-15,80,223,170,6367,15894,77859,55,28821,78091,78374,5,28,4158,16945,0,0
2017-01-16,83,163,187,6786,19296,74101,87,30798,74337,74600,13,93,4340,17773,0,0
2017-01-16,83,163,187,6786,19296,74101,87,30798,74337,74600,13,93,4340,17773,0,0
2017-01-17,60,173,167,6357,13725,74098,71,29873,74309,74562,9,61,4218,17696,0,0
2017-01-17,60,173,167,6357,13725,74098,71,29873,74309,74562,9,61,4218,17696,0,0
2017-01-18,90,238,176,6155,17577,80478,80,28480,80735,81060,7,61,4063,17124,0,0
2017-01-18,90,238,176,6155,17577,80478,80,28480,80735,81060,7,61,4063,17124,0,0
2017-01-19,77,164,190,6617,17214,79695,84,47700,79950,80206,8,78,4345,17648,0,0
2017-01-19,77,164,190,6617,17214,79695,84,47700,79950,80206,8,78,4345,17648,0,0
2017-01-20,88,162,157,6471,21914,81048,80,28551,81273,81522,7,61,4284,17097,0,0
2017-01-20,88,162,157,6471,21914,81048,80,28551,81273,81522,7,61,4284,17097,0,0
2017-01-21,109,214,213,6337,18794,83396,91,27315,83693,84016,18,66,4077,16087,0,0
2017-01-21,109,214,213,6337,18794,83396,91,27315,83693,84016,18,66,4077,16087,0,0
2017-01-22,79,225,216,6604,16926,81109,82,31715,81387,81701,7,51,4324,17039,0,0
2017-01-22,79,225,216,6604,16926,81109,82,31715,81387,81701,7,51,4324,17039,0,0
2017-01-23,79,228,208,6984,20202,76645,71,33484,76916,77219,4,118,4493,18713,0,0
2017-01-23,79,228,208,6984,20202,76645,71,33484,76916,77219,4,118,4493,18713,0,0
2017-01-24,96,225,205,6023,15555,80109,100,29604,80391,80732,16,38,4023,16960,0,0
2017-01-24,96,225,205,6023,15555,80109,100,29604,80391,80732,16,38,4023,16960,0,0
2017-01-25,87,244,219,6932,12676,80369,102,30675,80667,81029,16,38,4451,18142,0,0
2017-01-25,87,244,219,6932,12676,80369,102,30675,80667,81029,16,38,4451,18142,0,0
2017-01-26,100,308,208,6945,17155,83466,95,29910,83756,84173,14,10,4428,18056,0,0
2017-01-26,100,308,208,6945,17155,83466,95,29910,83756,84173,14,10,4428,18056,0,0
2017-01-27,87,210,186,6860,21866,85634,78,30044,85797,86102,17,63,4442,17666,0,0
2017-01-27,87,210,186,6860,21866,85634,78,30044,85797,86102,17,63,4442,17666,0,0
2017-01-28,106,225,178,6783,21263,84384,97,28886,84643,84969,4,57,4368,16745,0,0
2017-01-28,106,225,178,6783,21263,84384,97,28886,84643,84969,4,57,4368,16745,0,0
2017-01-29,94,198,221,7136,17020,85323,108,33642,85621,85939,12,55,4561,17907,0,0
2017-01-29,94,198,221,7136,17020,85323,108,33642,85621,85939,12,55,4561,17907,0,0
2017-01-30,118,205,231,7631,17654,82079,92,37131,82391,82702,14,116,4838,19891,0,0
2017-01-30,118,205,231,7631,17654,82079,92,37131,82391,82702,14,116,4838,19891,0,0
2017-01-31,107,197,244,6393,13791,80798,91,30227,81103,81400,9,75,4187,17899,0,0
2017-01-31,107,197,244,6393,13791,80798,91,30227,81103,81400,9,75,4187,17899,0,0
2017-02-01,127,209,177,6298,24483,88592,71,29576,88868,89154,6,41,4195,17378,0,0
2017-02-01,127,209,177,6298,24483,88592,71,29576,88868,89154,6,41,4195,17378,0,0
2017-02-02,86,242,204,7354,10692,87443,91,34562,87722,88069,14,82,4630,19180,0,0
2017-02-02,86,242,204,7354,10692,87443,91,34562,87722,88069,14,82,4630,19180,0,0
2017-02-03,68,217,170,6920,27258,87611,82,30048,87844,88152,9,47,4461,18180,0,0
2017-02-03,68,217,170,6920,27258,87611,82,30048,87844,88152,9,47,4461,18180,0,0
2017-02-04,60,203,194,6687,22743,91516,79,30078,91766,92060,12,47,4382,17241,0,0
2017-02-04,60,203,194,6687,22743,91516,79,30078,91766,92060,12,47,4382,17241,0,0
2017-02-05,92,226,161,6778,22696,87101,72,33866,87343,87651,10,92,4458,17867,0,0
2017-02-05,92,226,161,6778,22696,87101,72,33866,87343,87651,10,92,4458,17867,0,0
2017-02-06,96,245,188,6755,22857,84325,56,32684,84601,84911,9,51,4392,18854,0,0
2017-02-06,96,245,188,6755,22857,84325,56,32684,84601,84911,9,51,4392,18854,0,0
2017-02-07,91,232,193,6375,25635,81515,95,30617,81770,82109,12,69,4115,17716,0,0
2017-02-07,91,232,193,6375,25635,81515,95,30617,81770,82109,12,69,4115,17716,0,0
2017-02-08,84,254,210,6530,16523,91972,121,31815,92255,92648,18,41,4249,17492,0,0
2017-02-08,84,254,210,6530,16523,91972,121,31815,92255,92648,18,41,4249,17492,0,0
2017-02-09,97,294,257,7356,24094,92967,97,49086,93294,93697,12,120,4863,19159,0,0
2017-02-09,97,294,257,7356,24094,92967,97,49086,93294,93697,12,120,4863,19159,0,0
2017-02-10,169,287,217,7362,28863,90103,91,31767,90460,90846,8,37,4786,18774,0,0
2017-02-10,169,287,217,7362,28863,90103,91,31767,90460,90846,8,37,4786,18774,0,0
2017-02-11,81,246,263,6617,31328,93870,109,28800,94192,94557,10,57,4184,16991,0,0
2017-02-11,81,246,263,6617,31328,93870,109,28800,94192,94557,10,57,4184,16991,0,0
2017-02-12,84,301,277,7127,22816,92666,132,33273,93010,93455,12,76,4585,17920,0,0
2017-02-12,84,301,277,7127,22816,92666,132,33273,93010,93455,12,76,4585,17920,0,0
2017-02-13,107,261,302,7326,20103,89229,100,34039,89629,90003,13,78,4729,19734,0,0
2017-02-13,107,261,302,7326,20103,89229,100,34039,89629,90003,13,78,4729,19734,0,0
2017-02-14,127,186,237,6664,21550,85755,104,35554,86094,86395,11,57,4282,17712,0,0
2017-02-14,127,186,237,6664,21550,85755,104,35554,86094,86395,11,57,4282,17712,0,0
2017-02-15,181,286,270,6860,23035,96271,117,30491,96710,97127,14,71,4363,17719,0,0
2017-02-15,181,286,270,6860,23035,96271,117,30491,96710,97127,14,71,4363,17719,0,0
2017-02-16,145,289,280,7557,25014,98415,111,34010,98786,99197,11,81,4995,19671,0,0
2017-02-16,145,289,280,7557,25014,98415,111,34010,98786,99197,11,81,4995,19671,0,0
2017-02-17,128,263,216,7717,30160,99172,111,34184,99498,99886,14,61,5053,20038,0,0
2017-02-17,128,263,216,7717,30160,99172,111,34184,99498,99886,14,61,5053,20038,0,0
2017-02-18,187,299,245,7366,31429,103453,103,37602,103863,104281,16,53,4806,18498,0,0
2017-02-18,187,299,245,7366,31429,103453,103,37602,103863,104281,16,53,4806,18498,0,0
2017-02-19,188,330,294,8384,26993,101749,154,35656,102203,102727,40,65,5441,20229,0,0
2017-02-19,188,330,294,8384,26993,101749,154,35656,102203,102727,40,65,5441,20229,0,0
2017-02-20,159,428,311,8526,18771,98228,167,47059,98690,99305,20,83,5515,22623,0,0
2017-02-20,159,428,311,8526,18771,98228,167,47059,98690,99305,20,83,5515,22623,0,0
2017-02-21,168,428,319,8051,23864,100493,174,37403,100951,101580,27,58,5317,20961,0,0
2017-02-21,168,428,319,8051,23864,100493,174,37403,100951,101580,27,58,5317,20961,0,0
2017-02-22,221,363,370,8174,21067,108822,163,37227,109418,109984,40,111,5251,20445,0,0
2017-02-22,221,363,370,8174,21067,108822,163,37227,109418,109984,40,111,5251,20445,0,0
2017-02-23,289,483,468,8579,18012,114232,210,37802,114940,115668,35,42,5603,21856,0,0
2017-02-23,289,483,468,8579,18012,114232,210,37802,114940,115668,35,42,5603,21856,0,0
2017-02-24,255,398,488,8654,33280,118617,232,37274,119342,120000,28,86,5598,21592,0,0
2017-02-24,255,398,488,8654,33280,118617,232,37274,119342,120000,28,86,5598,21592,0,0
2017-02-25,204,373,420,8423,38480,116188,165,38170,116806,117368,24,61,5444,20856,0,0
2017-02-25,204,373,420,8423,38480,116188,165,38170,116806,117368,24,61,5444,20856,0,0
2017-02-26,169,475,408,8482,27810,115341,185,36182,115903,116603,40,89,5428,20865,0,0
2017-02-26,169,475,408,8482,27810,115341,185,36182,115903,116603,40,89,5428,20865,0,0
2017-02-27,213,558,387,9177,25251,111415,167,44553,111961,112728,42,96,5792,24159,0,0
2017-02-27,213,558,387,9177,25251,111415,167,44553,111961,112728,42,96,5792,24159,0,0
2017-02-28,166,384,297,8171,30456,111776,174,36637,102437,103026,31,76,5120,20917,0,0
2017-02-28,166,384,297,8171,30456,111776,174,36637,102437,103026,31,76,5120,20917,0,0
2017-03-01,241,386,349,7730,37709,119761,178,37429,120256,120842,22,85,5063,21533,0,0
2017-03-01,241,386,349,7730,37709,119761,178,37429,120256,120842,22,85,5063,21533,0,0
2017-03-02,143,383,359,8985,27128,121884,152,40666,122252,122806,19,58,5810,22695,0,0
2017-03-02,143,383,359,8985,27128,121884,152,40666,122252,122806,19,58,5810,22695,0,0
2017-03-03,145,338,289,9029,40230,119659,151,53196,120068,120580,23,61,5747,22170,0,0
2017-03-03,145,338,289,9029,40230,119659,151,53196,120068,120580,23,61,5747,22170,0,0
2017-03-04,201,327,294,8260,38963,124627,141,36073,125089,125585,28,40,5311,20788,0,0
2017-03-04,201,327,294,8260,38963,124627,141,36073,125089,125585,28,40,5311,20788,0,0
2017-03-05,199,353,327,9043,35851,120805,160,48578,121301,121841,27,85,5878,21932,0,0
2017-03-05,199,353,327,9043,35851,120805,160,48578,121301,121841,27,85,5878,21932,0,0
2017-03-06,182,383,318,9155,19677,113557,129,43758,113952,114576,33,67,5877,24434,0,0
2017-03-06,182,383,318,9155,19677,113557,129,43758,113952,114576,33,67,5877,24434,0,0
2017-03-07,124,378,291,7935,20056,113940,132,37824,114333,114870,27,89,5152,21770,0,0
2017-03-07,124,378,291,7935,20056,113940,132,37824,114333,114870,27,89,5152,21770,0,0
2017-03-08,134,330,298,8570,31363,122111,140,42646,122513,123014,31,69,5416,21915,0,0
2017-03-08,134,330,298,8570,31363,122111,140,42646,122513,123014,31,69,5416,21915,0,0
2017-03-09,139,277,270,8541,34180,124744,118,38678,125091,125507,21,69,5593,22382,0,0
2017-03-09,139,277,270,8541,34180,124744,118,38678,125091,125507,21,69,5593,22382,0,0
2017-03-10,140,271,249,8769,39917,122761,98,40018,123108,123498,21,105,5599,22209,0,0
2017-03-10,140,271,249,8769,39917,122761,98,40018,123108,123498,21,105,5599,22209,0,0
2017-03-11,106,238,245,7881,38813,125346,105,37068,125679,126034,12,65,5135,20690,0,0
2017-03-11,106,238,245,7881,38813,125346,105,37068,125679,126034,12,65,5135,20690,0,0
2017-03-12,163,292,291,8039,38024,119926,108,42053,120328,120752,24,101,5303,21109,0,0
2017-03-12,163,292,291,8039,38024,119926,108,42053,120328,120752,24,101,5303,21109,0,0
2017-03-13,151,294,307,9585,14876,113265,105,50538,113679,114094,16,62,6234,26541,0,0
2017-03-13,151,294,307,9585,14876,113265,105,50538,113679,114094,16,62,6234,26541,0,0
2017-03-14,125,323,283,7802,21452,121205,136,40215,121595,122070,16,40,4921,21710,0,0
2017-03-14,125,323,283,7802,21452,121205,136,40215,121595,122070,16,40,4921,21710,0,0
2017-03-15,148,300,492,8234,27586,121934,120,38459,122546,122978,12,59,5339,22012,0,0
2017-03-15,148,300,492,8234,27586,121934,120,38459,122546,122978,12,59,5339,22012,0,0
2017-03-16,107,282,243,6924,11012,75960,105,33766,76285,76696,24,82,4317,18946,0,0
2017-03-16,107,282,243,6924,11012,75960,105,33766,76285,76696,24,82,4317,18946,0,0
2017-03-17,108,282,216,6585,46770,131793,105,28914,132088,132490,15,87,4036,16696,0,0
2017-03-17,108,282,216,6585,46770,131793,105,28914,132088,132490,15,87,4036,16696,0,0
2017-03-18,121,230,228,8088,21203,124055,86,54391,124375,124715,24,79,5183,20902,0,0
2017-03-18,121,230,228,8088,21203,124055,86,54391,124375,124715,24,79,5183,20902,0,0
2017-03-19,108,262,224,8435,30256,126417,109,41133,126716,127125,38,76,5525,21326,0,0
2017-03-19,108,262,224,8435,30256,126417,109,41133,126716,127125,38,76,5525,21326,0,0
2017-03-20,101,254,190,8932,22376,117331,110,53567,117605,118000,31,82,5525,23978,0,0
2017-03-20,101,254,190,8932,22376,117331,110,53567,117605,118000,31,82,5525,23978,0,0
2017-03-21,113,222,214,8252,30293,115569,95,36677,115876,116211,18,72,5217,21654,0,0
2017-03-21,113,222,214,8252,30293,115569,95,36677,115876,116211,18,72,5217,21654,0,0
2017-03-22,92,261,210,8087,36154,125459,90,36351,125743,126114,20,73,5188,21564,0,0
2017-03-22,92,261,210,8087,36154,125459,90,36351,125743,126114,20,73,5188,21564,0,0
2017-03-23,132,230,202,8839,21731,130734,100,38452,131037,131382,15,70,5626,22473,0,0
2017-03-23,132,230,202,8839,21731,130734,100,38452,131037,131382,15,70,5626,22473,0,0
2017-03-24,123,173,202,8904,41253,125661,84,52726,125941,126223,25,79,5684,22166,0,0
2017-03-24,123,173,202,8904,41253,125661,84,52726,125941,126223,25,79,5684,22166,0,0
2017-03-25,271,200,193,7848,24593,124341,80,35003,124779,125069,10,57,5071,19965,0,0
2017-03-25,271,200,193,7848,24593,124341,80,35003,124779,125069,10,57,5071,19965,0,0
2017-03-26,124,240,205,8244,30301,125061,98,36828,125378,125733,17,100,5326,21721,0,0
2017-03-26,124,240,205,8244,30301,125061,98,36828,125378,125733,17,100,5326,21721,0,0
2017-03-27,144,244,206,9242,22127,119530,95,42771,119850,120207,18,101,5884,24199,0,0
2017-03-27,144,244,206,9242,22127,119530,95,42771,119850,120207,18,101,5884,24199,0,0
2017-03-28,93,224,195,7650,26484,98467,81,38237,113931,211254,23,55,4927,20718,0,0
2017-03-28,93,224,195,7650,26484,98467,81,38237,113931,211254,23,55,4927,20718,0,0
2017-03-29,113,266,254,8350,31191,122128,86,42327,101134,122784,15,100,5254,21688,0,0
2017-03-29,113,266,254,8350,31191,122128,86,42327,101134,122784,15,100,5254,21688,0,0
2017-03-30,115,285,229,8345,21886,121237,102,39008,121565,121966,14,78,5339,21781,0,0
2017-03-30,115,285,229,8345,21886,121237,102,39008,121565,121966,14,78,5339,21781,0,0
2017-03-31,132,254,217,8187,41327,123458,73,37184,123769,124113,17,53,5263,21377,0,0
2017-03-31,132,254,217,8187,41327,123458,73,37184,123769,124113,17,53,5263,21377,0,0
2017-04-01,99,224,213,7416,38145,123115,93,33085,123406,123730,7,72,4693,19449,0,0
2017-04-01,99,224,213,7416,38145,123115,93,33085,123406,123730,7,72,4693,19449,0,0
2017-04-02,112,204,244,8267,35858,127356,84,40782,127688,127992,16,88,5363,21469,0,0
2017-04-02,112,204,244,8267,35858,127356,84,40782,127688,127992,16,88,5363,21469,0,0
2017-04-03,110,238,249,8770,21178,115453,87,43446,115779,116120,16,112,5698,24606,0,0
2017-04-03,110,238,249,8770,21178,115453,87,43446,115779,116120,16,112,5698,24606,0,0
2017-04-04,111,254,259,7539,16268,113644,91,42225,113927,114296,24,65,4916,21341,0,0
2017-04-04,111,254,259,7539,16268,113644,91,42225,113927,114296,24,65,4916,21341,0,0
2017-04-05,117,256,316,7754,27909,120787,76,41054,121183,121529,14,78,5019,21189,0,0
2017-04-05,117,256,316,7754,27909,120787,76,41054,121183,121529,14,78,5019,21189,0,0
2017-04-06,157,221,316,8627,28867,129048,63,41097,129480,129778,14,61,5592,22813,0,0
2017-04-06,157,221,316,8627,28867,129048,63,41097,129480,129778,14,61,5592,22813,0,0
2017-04-07,156,208,269,8313,33723,121382,59,38827,121748,122029,14,63,5152,21803,0,0
2017-04-07,156,208,269,8313,33723,121382,59,38827,121748,122029,14,63,5152,21803,0,0
2017-04-08,136,191,278,7140,22514,117184,67,34181,117544,117811,9,59,4604,19351,0,0
2017-04-08,136,191,278,7140,22514,117184,67,34181,117544,117811,9,59,4604,19351,0,0
2017-04-09,147,237,167,7551,27726,116690,72,34372,116944,117269,16,80,4786,20592,0,0
2017-04-09,147,237,167,7551,27726,116690,72,34372,116944,117269,16,80,4786,20592,0,0
2017-04-10,140,226,266,8090,21863,117265,80,40444,117616,117932,10,95,5239,23589,0,0
2017-04-10,140,226,266,8090,21863,117265,80,40444,117616,117932,10,95,5239,23589,0,0
